{
    "rel_l2_vs_fd": {
        "t_0.1": 0.012901920210598963,
        "t_0.5": 0.015378269167785997,
        "t_1.0": 0.024296121216319754
    },
    "rel_l2_vs_exact": {
        "t_0.1": 0.012901132296118546,
        "t_0.5": 0.015373228860590355,
        "t_1.0": 0.024290079835744615
    },
    "speedup_pinn_vs_fd": 46.79774609014216,
    "training_time_seconds": 124.19095739995828
}